{
  "name": "ground",
  "type": "GraphicEntity",
  "zAuto": false,
  "dz": 0,
  "z": 2,
  "config": [
    {
      "type" : "action",
      "context" : "entities",
      "id" : "self",
      "method" : "setBitmap",
      "argument" : {
        "type" : "resource",
        "context" : "animations",
        "id" : "ground"
      }
    },
    {
      "type" : "action",
      "context" : "entities",
      "id" : "self",
      "method" : "setAudio",
      "argument" : {
        "type" : "object",
        "properties" : [
          {
            "name" : "audioConf",
            "content" : {
              "type" : "resource",
              "context" : "audioProfils",
              "id" : "level"
            }
          },
          {
            "name" : "audioContext",
            "content" : {
              "type" : "resource",
              "context" : "audioContext",
              "id" : false
            }
          }
        ]
      }
    }
  ]
}
